country,1979,1980,1981,1982,1983,1984,1985,1986,1987,1988,1989,1990,1991,1992,1993,1994,1995,1996,1997,1998,1999,2000,2001,2002,2003,2004,2005,2006,2007,2008,2009,2010,2011
Afghanistan,NF,NF,NF,NF,NF,NF,NF,NF,NF,NF,NF,NF,NF,NF,NF,NF,NF,NF,NF,NF,NF,NF,N/A,NF,NF,NF,NF,NF,NF,NF,NF,NF,NF
Albania,NF,NF,NF,NF,NF,NF,NF,NF,NF,NF,NF,NF,PF,PF,PF,NF,NF,NF,PF,PF,PF,PF,PF,PF,PF,PF,PF,PF,PF,PF,PF,PF,PF
Algeria,NF,NF,NF,NF,NF,NF,NF,NF,NF,NF,PF,PF,PF,NF,NF,NF,NF,NF,NF,NF,NF,NF,NF,NF,NF,NF,NF,NF,NF,NF,NF,NF,NF
Andorra,N/A,N/A,N/A,N/A,N/A,N/A,N/A,N/A,N/A,N/A,N/A,N/A,N/A,N/A,N/A,N/A,N/A,N/A,N/A,N/A,N/A,N/A,N/A,F,F,F,F,F,F,F,F,F,F
Angola,NF,NF,NF,NF,NF,NF,NF,NF,NF,NF,NF,NF,NF,NF,NF,NF,NF,NF,NF,NF,NF,NF,NF,NF,NF,NF,NF,NF,NF,NF,NF,NF,NF
Antigua and Barbuda,N/A,N/A,F,F,PF,PF,PF,PF,PF,F,F,F,F,F,F,PF,PF,PF,PF,PF,PF,PF,PF,PF,PF,PF,PF,PF,PF,PF,PF,PF,PF
Argentina,PF,PF,PF,PF,F,F,F,F,F,F,F,F,F,F,F,F,PF,PF,PF,PF,PF,PF,PF,PF,PF,PF,PF,PF,PF,PF,PF,PF,PF
Armenia,N/A,N/A,N/A,N/A,N/A,N/A,N/A,N/A,N/A,N/A,N/A,N/A,N/A,PF,PF,PF,PF,PF,PF,PF,PF,PF,PF,NF,NF,NF,NF,NF,NF,NF,NF,NF,NF
Australia,F,F,F,F,F,F,F,F,F,F,F,F,F,F,F,F,F,F,F,F,F,F,F,F,F,F,F,F,F,F,F,F,F
Austria,F,F,F,F,F,F,F,F,F,F,F,F,F,F,F,F,F,F,F,F,F,F,F,F,F,F,F,F,F,F,F,F,F
Azerbaijan,N/A,N/A,N/A,N/A,N/A,N/A,N/A,N/A,N/A,N/A,N/A,N/A,N/A,NF,NF,NF,NF,NF,NF,NF,NF,NF,NF,NF,NF,NF,NF,NF,NF,NF,NF,NF,NF
Bahamas,F,F,F,F,F,F,F,F,F,F,F,F,F,F,F,F,F,F,F,F,F,F,F,F,F,F,F,F,F,F,F,F,F
Bahrain,NF,NF,NF,NF,NF,NF,NF,NF,NF,NF,NF,NF,NF,NF,PF,PF,PF,NF,NF,NF,NF,NF,NF,NF,NF,NF,NF,NF,NF,NF,NF,NF,NF
Bangladesh,F,F,F,F,PF,PF,PF,PF,PF,NF,NF,NF,F,PF,PF,PF,PF,PF,PF,PF,PF,PF,NF,NF,NF,NF,NF,NF,NF,NF,PF,PF,PF
Barbados,F,F,F,F,F,F,F,F,F,F,F,F,F,F,F,F,F,F,F,F,F,F,F,F,F,F,F,F,F,F,F,F,F
Belarus,N/A,N/A,N/A,N/A,N/A,N/A,N/A,N/A,N/A,N/A,N/A,N/A,N/A,PF,NF,NF,NF,NF,NF,NF,NF,NF,NF,NF,NF,NF,NF,NF,NF,NF,NF,NF,NF
Belgium,F,F,F,F,F,F,F,F,F,F,F,F,F,F,F,F,F,F,F,F,F,F,F,F,F,F,F,F,F,F,F,F,F
Belize,N/A,N/A,F,F,F,F,F,F,F,F,F,F,F,F,F,F,F,F,F,F,F,F,F,F,F,F,F,F,F,F,F,F,F
Benin,NF,NF,NF,NF,NF,NF,NF,NF,NF,NF,NF,PF,F,PF,PF,PF,PF,F,F,F,F,F,F,F,F,F,F,F,PF,PF,PF,PF,PF
Bhutan,NF,NF,NF,NF,NF,NF,NF,NF,NF,NF,NF,NF,NF,NF,NF,NF,NF,NF,NF,NF,NF,NF,NF,NF,NF,NF,NF,NF,NF,NF,PF,PF,PF
Bolivia,F,PF,PF,PF,F,F,F,F,F,PF,PF,F,F,F,F,F,F,F,F,F,F,F,F,F,PF,PF,PF,PF,PF,PF,PF,PF,PF
Bosnia-Herzegovina,N/A,N/A,N/A,N/A,N/A,N/A,N/A,N/A,N/A,N/A,N/A,N/A,N/A,NF,NF,NF,PF,NF,NF,PF,PF,PF,PF,PF,PF,PF,PF,PF,PF,PF,PF,PF,PF
Botswana,F,F,F,F,F,F,F,F,F,PF,F,F,F,F,F,F,F,F,F,F,F,F,F,F,F,F,PF,PF,PF,PF,PF,PF,PF
Brazil,F,F,PF,PF,F,F,F,F,F,F,F,F,F,F,F,F,F,F,PF,PF,PF,PF,PF,PF,PF,PF,PF,PF,PF,PF,PF,PF,PF
Brunei,N/A,N/A,N/A,N/A,N/A,NF,NF,NF,NF,NF,NF,NF,NF,NF,NF,NF,NF,NF,NF,NF,NF,NF,NF,NF,NF,NF,NF,NF,NF,NF,NF,NF,NF
Bulgaria,NF,NF,NF,NF,NF,NF,NF,NF,NF,NF,NF,PF,PF,PF,PF,PF,PF,PF,PF,PF,F,F,F,F,PF,PF,PF,PF,PF,PF,PF,PF,PF
Burkina Faso,PF,PF,PF,PF,PF,NF,NF,NF,NF,NF,NF,NF,PF,PF,PF,PF,PF,PF,PF,PF,PF,PF,PF,PF,PF,PF,PF,PF,PF,PF,PF,PF,PF
Burma (Myanmar),NF,NF,NF,NF,NF,NF,NF,NF,NF,NF,NF,NF,NF,NF,NF,NF,NF,NF,NF,NF,NF,NF,NF,NF,NF,NF,NF,NF,NF,NF,NF,NF,NF
Burundi,NF,NF,NF,NF,NF,NF,NF,NF,NF,NF,NF,NF,NF,NF,NF,NF,NF,NF,NF,NF,NF,NF,NF,NF,NF,NF,NF,NF,NF,NF,NF,NF,NF
Cambodia,NF,NF,NF,NF,NF,NF,NF,NF,NF,NF,NF,NF,NF,NF,PF,PF,NF,NF,NF,NF,NF,NF,NF,NF,NF,NF,NF,PF,PF,NF,NF,NF,NF
Cameroon,NF,NF,NF,NF,NF,NF,NF,NF,NF,NF,NF,NF,NF,NF,NF,NF,NF,NF,NF,NF,NF,NF,NF,NF,NF,NF,NF,NF,NF,NF,NF,NF,NF
Canada,F,F,F,F,F,F,F,F,F,F,F,F,F,F,F,F,F,F,F,F,F,F,F,F,F,F,F,F,F,F,F,F,F
Cape Verde,NF,NF,NF,NF,NF,NF,NF,NF,PF,NF,NF,NF,PF,F,PF,PF,PF,PF,PF,PF,PF,PF,F,F,PF,PF,PF,F,F,F,F,F,F
Central African Republic,NF,PF,PF,PF,PF,NF,NF,NF,NF,NF,NF,NF,NF,NF,NF,NF,NF,NF,PF,PF,PF,NF,NF,NF,NF,NF,NF,PF,NF,NF,NF,NF,NF
Chad,NF,NF,NF,NF,NF,NF,NF,NF,NF,NF,NF,NF,NF,NF,NF,NF,NF,NF,NF,NF,NF,NF,NF,NF,NF,NF,NF,NF,NF,NF,NF,NF,NF
Chile,PF,PF,PF,PF,PF,PF,PF,PF,PF,NF,PF,F,F,F,F,F,F,F,F,F,F,F,F,F,F,F,F,F,F,F,F,F,PF
China,NF,NF,NF,NF,NF,NF,NF,NF,NF,NF,NF,NF,NF,NF,NF,NF,NF,NF,NF,NF,NF,NF,NF,NF,NF,NF,NF,NF,NF,NF,NF,NF,NF
Colombia,F,F,F,F,F,F,F,F,F,F,F,PF,PF,PF,NF,PF,PF,PF,PF,PF,PF,PF,PF,NF,NF,NF,NF,PF,PF,PF,PF,PF,PF
Comoros,N/A,N/A,N/A,N/A,N/A,N/A,N/A,N/A,N/A,N/A,N/A,N/A,N/A,N/A,PF,PF,PF,PF,PF,PF,PF,PF,PF,PF,PF,PF,PF,PF,PF,PF,PF,PF,PF
"Congo, Democratic Republic of (Kinshasa)",NF,NF,NF,NF,NF,NF,NF,NF,NF,NF,NF,NF,NF,NF,NF,NF,NF,NF,NF,NF,NF,NF,NF,NF,NF,NF,NF,PF,PF,NF,NF,NF,PF
"Congo, Republic of (Brazzaville)",NF,NF,NF,NF,NF,NF,NF,NF,NF,NF,NF,NF,PF,PF,PF,PF,PF,PF,NF,NF,NF,NF,PF,PF,PF,PF,PF,NF,NF,PF,PF,PF,NF
Costa Rica,F,F,F,F,F,F,F,F,F,F,F,F,F,F,F,F,F,F,F,F,F,F,F,F,F,F,F,F,F,F,F,F,F
Côte d'Ivoire,PF,PF,PF,PF,PF,PF,PF,PF,PF,NF,NF,NF,PF,NF,NF,NF,NF,NF,NF,NF,NF,NF,NF,NF,NF,NF,NF,NF,NF,NF,NF,NF,NF
Croatia,N/A,N/A,N/A,N/A,N/A,N/A,N/A,N/A,N/A,N/A,N/A,N/A,N/A,NF,PF,PF,PF,NF,NF,NF,NF,PF,PF,PF,PF,PF,PF,PF,PF,PF,PF,PF,PF
Cuba,NF,NF,NF,NF,NF,NF,NF,NF,NF,NF,NF,NF,NF,NF,NF,NF,NF,NF,NF,NF,NF,NF,NF,NF,NF,NF,NF,NF,NF,NF,NF,NF,NF
Cyprus (Greek),F,F,F,F,F,F,F,F,F,F,F,F,F,F,F,F,F,F,F,F,F,F,F,F,F,F,F,F,F,F,F,F,F
Cyprus (Turkish),N/A,N/A,F,F,F,F,F,F,F,F,F,F,F,F,N/A,N/A,N/A,N/A,N/A,N/A,N/A,N/A,N/A,N/A,N/A,N/A,N/A,N/A,N/A,N/A,N/A,N/A,N/A
Czech Republic,N/A,N/A,N/A,N/A,N/A,N/A,N/A,N/A,N/A,N/A,N/A,N/A,N/A,N/A,F,F,F,F,F,F,F,F,F,F,F,F,F,F,F,F,F,F,F
Czechoslovakia,NF,NF,NF,NF,NF,NF,NF,NF,NF,NF,PF,F,F,F,N/A,N/A,N/A,N/A,N/A,N/A,N/A,N/A,N/A,N/A,N/A,N/A,N/A,N/A,N/A,N/A,N/A,N/A,N/A
Denmark,F,F,F,F,F,F,F,F,F,F,F,F,F,F,F,F,F,F,F,F,F,F,F,F,F,F,F,F,F,F,F,F,F
Djibouti,N/A,N/A,N/A,N/A,N/A,N/A,N/A,N/A,N/A,N/A,N/A,N/A,N/A,N/A,NF,PF,PF,PF,NF,NF,NF,NF,NF,NF,NF,NF,NF,NF,NF,NF,NF,NF,NF
Dominica,F,F,F,F,F,F,F,F,F,F,F,F,F,F,F,F,F,F,F,F,F,F,F,F,F,F,F,F,F,F,F,F,F
Dominican Republic,F,F,F,F,F,F,F,F,F,F,F,F,F,F,F,PF,PF,PF,F,F,F,F,F,PF,PF,PF,PF,PF,PF,PF,PF,PF,PF
East Timor,N/A,N/A,N/A,N/A,N/A,N/A,N/A,N/A,N/A,N/A,N/A,N/A,N/A,N/A,N/A,N/A,N/A,N/A,N/A,N/A,N/A,F,F,F,F,F,PF,PF,PF,PF,PF,PF,PF
Ecuador,F,F,F,F,F,F,F,F,F,F,F,F,F,F,F,PF,PF,PF,PF,PF,PF,PF,PF,PF,PF,PF,PF,PF,PF,PF,PF,PF,PF
Egypt,PF,PF,PF,PF,PF,PF,PF,PF,PF,PF,PF,PF,PF,PF,NF,NF,NF,NF,NF,NF,NF,NF,NF,NF,NF,NF,NF,NF,PF,PF,PF,NF,PF
El Salvador,PF,PF,PF,PF,PF,PF,PF,PF,PF,PF,PF,PF,PF,PF,PF,PF,PF,PF,PF,PF,PF,PF,PF,PF,PF,PF,PF,PF,PF,PF,PF,PF,PF
Equatorial Guinea,NF,NF,NF,NF,NF,NF,NF,NF,NF,NF,NF,NF,NF,NF,NF,NF,NF,NF,NF,NF,NF,NF,NF,NF,NF,NF,NF,NF,NF,NF,NF,NF,NF
Eritrea,N/A,N/A,N/A,N/A,N/A,N/A,N/A,N/A,N/A,N/A,N/A,N/A,N/A,N/A,NF,NF,NF,NF,NF,NF,NF,NF,NF,NF,NF,NF,NF,NF,NF,NF,NF,NF,NF
Estonia,N/A,N/A,N/A,N/A,N/A,N/A,N/A,N/A,N/A,N/A,N/A,N/A,F,PF,F,F,F,F,F,F,F,F,F,F,F,F,F,F,F,F,F,F,F
Ethiopia,NF,NF,NF,NF,NF,NF,NF,NF,NF,NF,NF,NF,NF,NF,NF,PF,PF,NF,NF,NF,NF,NF,NF,NF,NF,NF,NF,NF,NF,NF,NF,NF,NF
Fiji,F,F,F,F,F,F,F,F,NF,PF,PF,PF,PF,PF,PF,PF,PF,PF,PF,PF,PF,PF,PF,F,F,F,F,PF,PF,PF,PF,PF,PF
Finland,F,F,F,F,F,F,F,F,F,F,F,F,F,F,F,F,F,F,F,F,F,F,F,F,F,F,F,F,F,F,F,F,F
France,F,F,F,F,F,F,F,F,F,F,F,F,F,F,F,F,F,F,F,F,F,F,F,F,F,F,F,F,F,F,F,F,F
Gabon,NF,NF,NF,NF,NF,NF,NF,NF,NF,NF,NF,PF,PF,PF,PF,PF,PF,PF,PF,PF,PF,PF,PF,PF,NF,NF,NF,NF,NF,NF,NF,NF,NF
"Gambia, The",F,F,F,F,F,F,F,F,F,PF,F,F,F,F,F,NF,NF,NF,NF,NF,NF,NF,NF,NF,NF,NF,NF,NF,NF,NF,NF,NF,NF
Georgia,N/A,N/A,N/A,N/A,N/A,N/A,N/A,N/A,N/A,N/A,N/A,N/A,N/A,PF,NF,NF,NF,PF,PF,PF,PF,PF,PF,PF,PF,PF,PF,PF,PF,PF,PF,PF,PF
Germany,N/A,N/A,N/A,N/A,N/A,N/A,N/A,N/A,N/A,N/A,N/A,F,F,F,F,F,F,F,F,F,F,F,F,F,F,F,F,F,F,F,F,F,F
"Germany, East",NF,NF,NF,NF,NF,NF,NF,NF,NF,NF,PF,N/A,N/A,N/A,N/A,N/A,N/A,N/A,N/A,N/A,N/A,N/A,N/A,N/A,N/A,N/A,N/A,N/A,N/A,N/A,N/A,N/A,N/A
"Germany, West",F,F,F,F,F,F,F,F,F,F,F,N/A,N/A,N/A,N/A,N/A,N/A,N/A,N/A,N/A,N/A,N/A,N/A,N/A,N/A,N/A,N/A,N/A,N/A,N/A,N/A,N/A,N/A
Ghana,PF,PF,PF,PF,NF,NF,NF,NF,NF,NF,NF,NF,NF,PF,NF,NF,NF,PF,PF,NF,NF,PF,F,F,F,F,F,F,F,F,F,F,F
Greece,F,F,F,F,F,F,F,F,F,F,F,F,F,F,F,F,F,F,F,F,F,F,F,F,F,F,F,F,F,F,F,F,F
Grenada,NF,NF,NF,NF,NF,F,F,F,F,F,F,F,F,F,F,F,F,F,F,F,F,F,F,F,F,F,F,F,F,F,F,F,F
Guatemala,PF,PF,PF,PF,PF,PF,PF,PF,PF,PF,PF,PF,PF,PF,PF,PF,PF,PF,PF,PF,PF,PF,PF,PF,NF,PF,PF,PF,PF,PF,PF,PF,PF
Guinea,NF,NF,NF,NF,NF,NF,NF,NF,NF,NF,NF,NF,NF,PF,NF,NF,NF,NF,NF,NF,NF,NF,NF,NF,NF,NF,NF,NF,NF,NF,NF,PF,NF
Guinea-Bissau,NF,NF,NF,NF,NF,NF,NF,NF,NF,NF,NF,NF,PF,PF,PF,PF,PF,PF,PF,PF,PF,PF,PF,PF,NF,PF,PF,PF,PF,PF,PF,PF,PF
Guyana,PF,PF,PF,PF,PF,PF,PF,PF,PF,NF,NF,NF,PF,PF,PF,F,F,F,F,F,F,F,F,F,F,F,F,F,PF,F,F,F,PF
Haiti,PF,NF,NF,NF,NF,NF,NF,F,PF,NF,NF,NF,NF,NF,NF,PF,PF,PF,PF,PF,PF,PF,NF,NF,NF,NF,NF,PF,PF,PF,PF,PF,PF
Honduras,F,F,F,F,F,F,F,F,F,PF,PF,PF,F,F,PF,PF,PF,PF,PF,PF,PF,PF,PF,PF,PF,PF,PF,PF,PF,PF,PF,NF,NF
Hong Kong,N/A,N/A,N/A,N/A,N/A,N/A,N/A,N/A,N/A,N/A,N/A,N/A,N/A,N/A,F,F,F,PF,N/A,N/A,N/A,N/A,N/A,N/A,N/A,F,F,F,F,PF,PF,PF,PF
Hungary,NF,NF,NF,NF,NF,NF,NF,NF,NF,NF,PF,F,F,F,F,PF,PF,PF,F,F,F,F,F,F,F,F,F,F,F,F,F,F,PF
Iceland,F,F,F,F,F,F,F,F,F,F,F,F,F,F,F,F,F,F,F,F,F,F,F,F,F,F,F,F,F,F,F,F,F
India,F,F,F,F,F,F,F,F,F,F,F,F,F,F,PF,PF,PF,PF,PF,PF,PF,PF,PF,PF,PF,PF,PF,PF,PF,PF,PF,PF,PF
Indonesia,PF,PF,PF,PF,PF,PF,PF,PF,PF,NF,NF,NF,PF,PF,PF,NF,NF,NF,NF,PF,PF,PF,PF,PF,PF,PF,PF,PF,PF,PF,PF,PF,PF
Iran,PF,PF,NF,NF,NF,NF,NF,NF,NF,NF,NF,NF,NF,NF,NF,NF,NF,NF,NF,NF,NF,NF,NF,NF,NF,NF,NF,NF,NF,NF,NF,NF,NF
Iraq,NF,NF,NF,NF,NF,NF,NF,NF,NF,NF,NF,NF,NF,NF,NF,NF,NF,NF,NF,NF,NF,NF,NF,NF,NF,NF,NF,NF,NF,NF,NF,NF,NF
Ireland,F,F,F,F,F,F,F,F,F,F,F,F,F,F,F,F,F,F,F,F,F,F,F,F,F,F,F,F,F,F,F,F,F
Israel,F,F,F,F,F,F,F,F,F,F,F,F,F,F,F,F,F,F,F,F,F,F,F,F,F,F,F,F,F,PF,F,F,F
Israeli-Occupied Territories and Palestinian Authority,N/A,N/A,N/A,N/A,N/A,N/A,N/A,N/A,N/A,N/A,N/A,N/A,N/A,N/A,NF,NF,PF,NF,NF,NF,NF,NF,NF,NF,NF,NF,NF,NF,NF,NF,NF,NF,N/A
Italy,F,F,F,F,F,F,F,F,F,F,F,F,F,F,F,F,F,F,F,F,F,F,F,F,PF,PF,PF,F,F,PF,PF,PF,PF
Jamaica,F,F,F,F,F,F,F,F,F,F,F,F,F,F,F,F,F,F,F,F,F,F,F,F,F,F,F,F,F,F,F,F,F
Japan,F,F,F,F,F,F,F,F,F,F,F,F,F,F,F,F,F,F,F,F,F,F,F,F,F,F,F,F,F,F,F,F,F
Jordan,NF,NF,NF,NF,NF,NF,NF,NF,NF,NF,NF,NF,NF,PF,PF,PF,PF,PF,PF,NF,PF,PF,PF,NF,NF,NF,NF,NF,NF,NF,NF,NF,NF
Kazakhstan,N/A,N/A,N/A,N/A,N/A,N/A,N/A,N/A,N/A,N/A,N/A,N/A,N/A,PF,PF,NF,NF,NF,NF,NF,NF,NF,NF,NF,NF,NF,NF,NF,NF,NF,NF,NF,NF
Kenya,PF,PF,PF,PF,PF,PF,PF,PF,NF,NF,NF,NF,NF,PF,PF,PF,NF,PF,NF,NF,NF,NF,NF,NF,PF,NF,PF,PF,PF,PF,PF,PF,PF
Kiribati,N/A,N/A,N/A,N/A,N/A,N/A,N/A,N/A,N/A,N/A,N/A,N/A,N/A,N/A,F,F,F,F,F,F,F,F,F,F,F,F,F,F,F,F,F,F,F
Kosovo,N/A,N/A,N/A,N/A,N/A,N/A,N/A,N/A,N/A,N/A,N/A,N/A,N/A,N/A,N/A,N/A,N/A,N/A,N/A,N/A,N/A,N/A,N/A,N/A,N/A,N/A,N/A,N/A,N/A,0,PF,PF,PF
Kuwait,PF,PF,PF,PF,PF,PF,PF,PF,PF,NF,NF,NF,NF,NF,NF,NF,PF,PF,PF,PF,PF,PF,PF,PF,PF,PF,PF,PF,PF,PF,PF,PF,PF
Kyrgyzstan,N/A,N/A,N/A,N/A,N/A,N/A,N/A,N/A,N/A,N/A,N/A,N/A,N/A,PF,PF,PF,PF,NF,NF,NF,NF,NF,NF,NF,NF,NF,NF,NF,NF,NF,NF,NF,NF
Laos,NF,NF,NF,NF,NF,NF,NF,NF,NF,NF,NF,NF,NF,NF,NF,NF,NF,NF,NF,NF,NF,NF,NF,NF,NF,NF,NF,NF,NF,NF,NF,NF,NF
Latvia,N/A,N/A,N/A,N/A,N/A,N/A,N/A,N/A,N/A,N/A,N/A,N/A,F,PF,F,F,F,F,F,F,F,F,F,F,F,F,F,F,F,F,F,F,F
Lebanon,PF,PF,PF,PF,PF,PF,PF,PF,PF,NF,NF,NF,PF,PF,PF,PF,PF,PF,NF,NF,NF,NF,NF,NF,NF,PF,PF,PF,PF,PF,PF,PF,PF
Lesotho,PF,PF,PF,PF,PF,PF,PF,PF,NF,NF,NF,NF,PF,PF,PF,PF,PF,PF,PF,PF,PF,PF,PF,PF,PF,PF,PF,PF,PF,PF,PF,PF,PF
Liberia,PF,NF,NF,NF,PF,PF,PF,PF,PF,NF,NF,NF,NF,NF,NF,NF,NF,NF,NF,NF,NF,NF,NF,NF,NF,NF,NF,NF,NF,NF,NF,PF,PF
Libya,NF,NF,NF,NF,NF,NF,NF,NF,NF,NF,NF,NF,NF,NF,NF,NF,NF,NF,NF,NF,NF,NF,NF,NF,NF,NF,NF,NF,NF,NF,NF,NF,PF
Liechtenstein,N/A,N/A,N/A,N/A,N/A,N/A,N/A,N/A,N/A,N/A,N/A,N/A,N/A,N/A,N/A,N/A,N/A,N/A,N/A,N/A,N/A,N/A,N/A,F,F,F,F,F,F,F,F,F,F
Lithuania,N/A,N/A,N/A,N/A,N/A,N/A,N/A,N/A,N/A,N/A,N/A,N/A,F,PF,F,F,F,F,F,F,F,F,F,F,F,F,F,F,F,F,F,F,F
Luxembourg,F,F,F,F,F,F,F,F,F,F,F,F,F,F,F,F,F,F,F,F,F,F,F,F,F,F,F,F,F,F,F,F,F
Macedonia,N/A,N/A,N/A,N/A,N/A,N/A,N/A,N/A,N/A,N/A,N/A,N/A,N/A,PF,N/A,PF,PF,PF,PF,PF,PF,PF,PF,PF,PF,PF,PF,PF,PF,PF,PF,PF,PF
Madagascar,NF,NF,NF,NF,NF,NF,NF,NF,NF,NF,NF,PF,PF,PF,PF,PF,PF,PF,PF,PF,PF,PF,PF,PF,PF,PF,PF,PF,PF,PF,NF,NF,NF
Malawi,NF,NF,NF,NF,NF,NF,NF,NF,NF,NF,NF,NF,NF,NF,PF,PF,PF,PF,PF,PF,PF,PF,PF,PF,PF,PF,PF,PF,PF,PF,PF,PF,PF
Malaysia,PF,PF,PF,PF,PF,PF,PF,PF,NF,PF,PF,PF,PF,PF,PF,NF,NF,NF,NF,NF,NF,NF,NF,NF,NF,NF,NF,NF,NF,NF,NF,NF,NF
Maldives,PF,PF,PF,PF,PF,PF,PF,PF,PF,PF,PF,NF,NF,NF,NF,NF,NF,NF,NF,NF,NF,NF,NF,NF,NF,NF,NF,NF,NF,PF,PF,PF,PF
Mali,NF,NF,NF,NF,NF,NF,NF,NF,NF,NF,NF,NF,NF,PF,PF,PF,F,F,F,F,F,F,F,F,F,F,F,F,F,F,F,F,F
Malta,PF,PF,F,F,F,F,F,F,F,F,F,F,F,F,F,F,F,F,F,F,F,F,F,F,F,F,F,F,F,F,F,F,F
Marshall Islands,N/A,N/A,N/A,N/A,N/A,N/A,N/A,N/A,N/A,N/A,N/A,N/A,N/A,N/A,F,F,F,F,F,F,F,F,F,F,F,F,F,F,F,F,F,F,F
Mauritania,NF,NF,NF,NF,NF,NF,NF,NF,NF,NF,NF,NF,NF,NF,NF,NF,NF,NF,NF,NF,NF,NF,NF,NF,NF,NF,PF,PF,PF,PF,PF,PF,PF
Mauritius,F,F,F,F,F,F,F,F,F,F,F,F,F,F,F,F,F,F,F,F,F,F,F,F,F,F,F,F,F,F,F,F,F
Mexico,PF,PF,PF,PF,PF,PF,PF,PF,PF,PF,PF,PF,PF,PF,PF,PF,PF,PF,PF,PF,PF,PF,PF,PF,PF,PF,PF,PF,PF,PF,PF,NF,NF
Micronesia,N/A,N/A,N/A,N/A,N/A,N/A,N/A,N/A,N/A,N/A,N/A,N/A,N/A,N/A,F,F,F,F,F,F,F,F,F,F,F,F,F,F,F,F,F,F,F
Moldova,N/A,N/A,N/A,N/A,N/A,N/A,N/A,N/A,N/A,N/A,N/A,N/A,N/A,PF,PF,PF,NF,PF,PF,PF,PF,PF,PF,PF,NF,NF,NF,NF,NF,NF,NF,PF,PF
Monaco,N/A,N/A,N/A,N/A,N/A,N/A,N/A,N/A,N/A,N/A,N/A,N/A,N/A,N/A,N/A,N/A,N/A,N/A,N/A,N/A,N/A,N/A,N/A,F,F,F,F,F,F,F,F,F,F
Mongolia,NF,NF,NF,NF,NF,NF,NF,NF,NF,NF,NF,PF,PF,F,PF,PF,PF,PF,PF,F,F,F,PF,PF,PF,PF,PF,PF,PF,PF,PF,PF,PF
Montenegro,N/A,N/A,N/A,N/A,N/A,N/A,N/A,N/A,N/A,N/A,N/A,N/A,N/A,N/A,N/A,N/A,N/A,N/A,N/A,N/A,N/A,N/A,N/A,N/A,N/A,N/A,N/A,PF,PF,PF,PF,PF,PF
Morocco,PF,PF,PF,PF,PF,PF,PF,PF,PF,NF,NF,PF,PF,PF,PF,PF,PF,PF,PF,PF,PF,PF,PF,PF,NF,NF,NF,NF,NF,NF,NF,NF,NF
Mozambique,NF,NF,NF,NF,NF,NF,NF,NF,NF,NF,NF,NF,PF,PF,NF,PF,PF,PF,PF,PF,PF,PF,PF,PF,PF,PF,PF,PF,PF,PF,PF,PF,PF
Namibia,N/A,N/A,N/A,N/A,N/A,N/A,N/A,N/A,N/A,N/A,N/A,N/A,F,F,F,F,F,F,F,PF,PF,PF,PF,PF,PF,F,F,F,F,F,PF,PF,PF
Nauru,F,F,F,F,F,F,F,F,F,F,F,F,F,F,F,F,F,F,F,F,F,F,F,F,F,F,F,F,F,F,F,F,F
Nepal,PF,PF,PF,PF,PF,PF,PF,PF,PF,PF,PF,PF,F,F,PF,PF,PF,PF,PF,PF,PF,PF,PF,NF,NF,NF,NF,PF,PF,PF,PF,PF,PF
Netherlands,F,F,F,F,F,F,F,F,F,F,F,F,F,F,F,F,F,F,F,F,F,F,F,F,F,F,F,F,F,F,F,F,F
New Zealand,F,F,F,F,F,F,F,F,F,F,F,F,F,F,F,F,F,F,F,F,F,F,F,F,F,F,F,F,F,F,F,F,F
Nicaragua,F,F,PF,PF,PF,PF,PF,NF,PF,NF,NF,PF,PF,PF,PF,PF,PF,PF,PF,PF,PF,PF,PF,PF,PF,PF,PF,PF,PF,PF,PF,PF,PF
Niger,NF,NF,NF,NF,NF,NF,NF,NF,NF,NF,NF,NF,NF,NF,NF,NF,PF,NF,NF,NF,NF,NF,PF,PF,PF,PF,PF,PF,NF,NF,NF,PF,PF
Nigeria,F,F,F,F,F,PF,PF,PF,PF,F,PF,PF,PF,PF,PF,NF,NF,NF,NF,PF,PF,PF,PF,PF,PF,PF,PF,PF,PF,PF,PF,PF,PF
North Korea,NF,NF,NF,NF,NF,NF,NF,NF,NF,NF,NF,NF,NF,NF,NF,NF,NF,NF,NF,NF,NF,NF,NF,NF,NF,NF,NF,NF,NF,NF,NF,NF,NF
Norway,F,F,F,F,F,F,F,F,F,F,F,F,F,F,F,F,F,F,F,F,F,F,F,F,F,F,F,F,F,F,F,F,F
Oman,NF,NF,NF,NF,NF,NF,NF,NF,NF,NF,NF,NF,NF,NF,NF,NF,NF,NF,NF,NF,NF,NF,NF,NF,NF,NF,NF,NF,NF,NF,NF,NF,NF
Pakistan,NF,NF,NF,NF,NF,NF,PF,PF,PF,F,PF,PF,PF,PF,PF,PF,PF,PF,PF,PF,NF,PF,PF,PF,NF,NF,NF,NF,NF,NF,NF,NF,NF
Palau,N/A,N/A,N/A,N/A,N/A,N/A,N/A,N/A,N/A,N/A,N/A,N/A,N/A,N/A,N/A,N/A,N/A,N/A,N/A,N/A,N/A,N/A,N/A,F,F,F,F,F,F,F,F,F,F
Panama,PF,F,PF,PF,PF,PF,PF,PF,NF,NF,NF,F,F,F,F,F,F,F,F,F,F,F,F,PF,PF,PF,PF,PF,PF,PF,PF,PF,PF
Papua New Guinea,F,F,F,F,F,F,F,F,F,F,F,F,F,F,F,F,F,F,F,F,F,F,F,F,F,F,F,F,F,F,F,F,F
Paraguay,PF,PF,PF,PF,PF,PF,NF,NF,PF,NF,PF,PF,PF,PF,PF,PF,PF,PF,PF,PF,PF,PF,PF,PF,PF,PF,PF,PF,PF,PF,PF,PF,PF
Peru,PF,F,F,F,F,F,F,F,F,F,F,PF,PF,PF,PF,PF,PF,PF,PF,NF,NF,PF,F,PF,PF,PF,PF,PF,PF,PF,PF,PF,PF
Philippines,PF,PF,PF,PF,PF,PF,PF,F,F,F,F,F,PF,PF,PF,PF,PF,PF,F,F,F,F,F,F,PF,PF,PF,PF,PF,PF,PF,PF,PF
Poland,NF,PF,PF,PF,PF,PF,PF,PF,PF,NF,PF,F,F,F,F,F,F,F,F,F,F,F,F,F,F,F,F,F,F,F,F,F,F
Portugal,F,F,F,F,F,F,F,F,F,F,F,F,F,F,F,F,F,F,F,F,F,F,F,F,F,F,F,F,F,F,F,F,F
Qatar,NF,NF,NF,NF,NF,NF,NF,NF,NF,NF,NF,NF,NF,NF,NF,NF,NF,PF,NF,NF,NF,NF,NF,NF,NF,NF,NF,NF,NF,NF,NF,NF,NF
Romania,NF,NF,NF,NF,NF,NF,NF,NF,NF,NF,NF,NF,PF,F,PF,PF,PF,PF,PF,PF,PF,PF,PF,PF,PF,PF,PF,PF,PF,PF,PF,PF,PF
Russia,N/A,N/A,N/A,N/A,N/A,N/A,N/A,N/A,N/A,N/A,N/A,N/A,N/A,PF,PF,PF,PF,PF,PF,PF,PF,PF,PF,NF,NF,NF,NF,NF,NF,NF,NF,NF,NF
Rwanda,N/A,N/A,N/A,N/A,N/A,N/A,N/A,N/A,N/A,N/A,N/A,N/A,NF,NF,NF,NF,NF,NF,NF,NF,NF,NF,NF,NF,NF,NF,NF,NF,NF,NF,NF,NF,NF
Saint Kitts and Nevis,N/A,N/A,N/A,N/A,N/A,F,F,F,F,F,F,F,F,F,F,F,F,F,F,F,F,F,F,F,F,F,F,F,F,F,F,F,F
Saint Lucia,F,F,F,F,F,F,F,F,F,F,F,F,F,F,F,F,F,F,F,F,F,F,F,F,F,F,F,F,F,F,F,F,F
Saint Vincent and the Grenadines,F,F,F,F,F,F,F,F,F,F,F,F,F,F,F,F,F,F,F,F,F,F,F,F,F,F,F,F,F,F,F,F,F
Samoa,N/A,N/A,N/A,N/A,N/A,N/A,N/A,N/A,N/A,N/A,N/A,N/A,N/A,N/A,F,F,F,F,F,PF,PF,F,F,F,F,F,F,F,F,F,F,F,F
San Marino,N/A,N/A,N/A,N/A,N/A,N/A,N/A,N/A,N/A,N/A,N/A,N/A,N/A,N/A,N/A,N/A,N/A,N/A,N/A,N/A,N/A,N/A,N/A,F,F,F,F,F,F,F,F,F,F
Sao Tome and Principe,NF,NF,NF,NF,NF,NF,NF,NF,NF,NF,NF,NF,PF,PF,PF,PF,PF,PF,F,F,F,F,F,F,F,F,F,F,F,F,F,F,F
Saudi Arabia,NF,NF,NF,NF,NF,NF,NF,NF,NF,NF,NF,NF,NF,NF,NF,NF,NF,NF,NF,NF,NF,NF,NF,NF,NF,NF,NF,NF,NF,NF,NF,NF,NF
Senegal,PF,PF,PF,PF,PF,PF,PF,PF,PF,PF,PF,PF,PF,PF,PF,PF,PF,PF,PF,PF,PF,PF,PF,PF,PF,PF,PF,PF,PF,PF,PF,PF,PF
Serbia  ,N/A,N/A,N/A,N/A,N/A,N/A,N/A,N/A,N/A,N/A,N/A,N/A,N/A,N/A,N/A,N/A,N/A,N/A,N/A,N/A,N/A,N/A,N/A,N/A,N/A,N/A,N/A,N/A,N/A,PF,PF,PF,PF
Serbia and Montenegro,N/A,N/A,N/A,N/A,N/A,N/A,N/A,N/A,N/A,N/A,N/A,N/A,N/A,N/A,NF,NF,NF,NF,NF,NF,NF,PF,PF,PF,PF,PF,PF,PF,PF,N/A,N/A,N/A,N/A
Seychelles,NF,NF,NF,NF,NF,NF,NF,NF,NF,NF,NF,NF,NF,PF,PF,PF,PF,PF,PF,PF,PF,PF,PF,PF,PF,PF,PF,PF,PF,PF,PF,PF,PF
Sierra Leone,NF,NF,NF,NF,PF,PF,PF,PF,PF,NF,NF,PF,PF,NF,NF,NF,NF,NF,NF,NF,NF,NF,NF,NF,PF,PF,PF,PF,PF,PF,PF,PF,PF
Singapore,NF,NF,NF,NF,NF,NF,PF,PF,PF,PF,PF,PF,PF,PF,PF,NF,NF,NF,NF,NF,NF,NF,NF,NF,NF,NF,NF,NF,NF,NF,NF,NF,NF
Slovakia,N/A,N/A,N/A,N/A,N/A,N/A,N/A,N/A,N/A,N/A,N/A,N/A,N/A,N/A,PF,PF,PF,PF,PF,F,F,F,F,F,F,F,F,F,F,F,F,F,F
Slovenia,N/A,N/A,N/A,N/A,N/A,N/A,N/A,N/A,N/A,N/A,N/A,N/A,N/A,PF,PF,PF,F,F,F,F,F,F,F,F,F,F,F,F,F,F,F,F,F
Solomon Islands,N/A,N/A,N/A,N/A,N/A,N/A,N/A,N/A,N/A,N/A,N/A,N/A,N/A,N/A,F,F,F,F,F,F,F,F,F,F,F,F,F,F,F,F,F,F,F
Somalia,NF,NF,NF,NF,NF,NF,NF,NF,NF,NF,NF,NF,NF,NF,NF,NF,NF,NF,NF,NF,NF,NF,NF,NF,NF,NF,NF,NF,NF,NF,NF,NF,NF
South Africa,PF,PF,PF,PF,PF,PF,PF,PF,PF,NF,PF,PF,PF,PF,PF,F,F,F,F,F,F,F,F,F,F,F,F,F,F,F,PF,PF,PF
South Korea,PF,NF,PF,PF,PF,PF,PF,PF,PF,F,F,F,F,F,F,F,F,F,F,F,F,F,F,F,F,F,F,F,F,F,F,PF,PF
South Sudan,N/A,N/A,N/A,N/A,N/A,N/A,N/A,N/A,N/A,N/A,N/A,N/A,N/A,N/A,N/A,N/A,N/A,N/A,N/A,N/A,N/A,N/A,N/A,N/A,N/A,N/A,N/A,N/A,N/A,N/A,N/A,N/A,PF
Spain,F,F,F,F,F,F,F,F,F,F,F,F,F,F,F,F,F,F,F,F,F,F,F,F,F,F,F,F,F,F,F,F,F
Sri Lanka,F,F,F,F,PF,PF,PF,PF,PF,PF,PF,PF,PF,PF,PF,PF,PF,PF,PF,PF,NF,NF,NF,PF,PF,PF,PF,NF,NF,NF,NF,NF,NF
Sudan,NF,NF,NF,NF,NF,NF,NF,PF,PF,PF,NF,NF,NF,NF,NF,NF,NF,NF,NF,NF,NF,NF,NF,NF,NF,NF,NF,NF,NF,NF,NF,NF,NF
Suriname,F,NF,NF,NF,NF,NF,NF,NF,PF,F,PF,PF,PF,PF,PF,PF,PF,PF,PF,PF,PF,F,F,F,F,F,F,F,F,F,F,F,F
Swaziland,NF,NF,NF,NF,NF,NF,NF,NF,NF,NF,NF,NF,PF,PF,NF,NF,NF,NF,NF,NF,NF,NF,NF,NF,NF,NF,NF,NF,NF,NF,NF,NF,NF
Sweden,F,F,F,F,F,F,F,F,F,F,F,F,F,F,F,F,F,F,F,F,F,F,F,F,F,F,F,F,F,F,F,F,F
Switzerland,F,F,F,F,F,F,F,F,F,F,F,F,F,F,F,F,F,F,F,F,F,F,F,F,F,F,F,F,F,F,F,F,F
Syria,NF,NF,NF,NF,NF,NF,NF,NF,NF,NF,NF,NF,NF,NF,NF,NF,NF,NF,NF,NF,NF,NF,NF,NF,NF,NF,NF,NF,NF,NF,NF,NF,NF
Taiwan,PF,PF,PF,PF,PF,PF,PF,PF,PF,PF,PF,PF,PF,PF,F,F,F,F,F,F,F,F,F,F,F,F,F,F,F,F,F,F,F
Tajikistan,N/A,N/A,N/A,N/A,N/A,N/A,N/A,N/A,N/A,N/A,N/A,N/A,N/A,NF,NF,NF,NF,NF,NF,NF,NF,NF,NF,NF,NF,NF,NF,NF,NF,NF,NF,NF,NF
Tanzania,NF,NF,NF,NF,NF,NF,NF,NF,NF,NF,NF,NF,NF,PF,PF,PF,PF,PF,PF,PF,PF,PF,PF,PF,PF,PF,PF,PF,PF,PF,PF,PF,PF
Thailand,PF,PF,PF,PF,PF,PF,PF,PF,PF,PF,PF,F,PF,F,PF,PF,PF,PF,PF,F,F,F,F,PF,PF,PF,PF,PF,PF,PF,PF,NF,PF
Togo,NF,NF,NF,NF,NF,NF,NF,NF,NF,NF,NF,NF,PF,NF,NF,NF,NF,NF,NF,NF,NF,NF,NF,NF,NF,NF,NF,NF,NF,NF,NF,NF,NF
Tonga,NF,NF,NF,NF,PF,PF,PF,PF,PF,NF,PF,PF,PF,PF,PF,PF,PF,PF,PF,PF,PF,PF,PF,PF,PF,PF,PF,PF,PF,PF,PF,PF,F
Transkei,NF,NF,NF,NF,NF,NF,NF,NF,NF,N/A,N/A,N/A,N/A,N/A,N/A,N/A,N/A,N/A,N/A,N/A,N/A,N/A,N/A,N/A,N/A,N/A,N/A,N/A,N/A,N/A,N/A,N/A,N/A
Trinidad and Tobago,F,F,F,F,F,F,F,F,F,F,F,F,F,F,F,F,F,F,F,F,F,F,F,F,F,F,F,F,F,F,F,F,F
Tunisia,PF,PF,PF,PF,PF,PF,PF,PF,PF,NF,PF,PF,PF,PF,PF,NF,NF,NF,NF,NF,NF,NF,NF,NF,NF,NF,NF,NF,NF,NF,NF,NF,PF
Turkey,F,PF,PF,PF,PF,PF,PF,PF,PF,PF,PF,PF,PF,PF,PF,NF,NF,NF,NF,NF,PF,PF,PF,PF,PF,PF,PF,PF,PF,PF,PF,PF,PF
Turkmenistan,N/A,N/A,N/A,N/A,N/A,N/A,N/A,N/A,N/A,N/A,N/A,N/A,N/A,NF,NF,NF,NF,NF,NF,NF,NF,NF,NF,NF,NF,NF,NF,NF,NF,NF,NF,NF,NF
Tuvalu,N/A,N/A,N/A,N/A,N/A,N/A,N/A,N/A,N/A,N/A,N/A,N/A,N/A,N/A,N/A,N/A,N/A,N/A,N/A,N/A,N/A,N/A,N/A,F,F,F,F,F,F,F,F,F,F
Uganda,NF,PF,NF,NF,NF,PF,PF,PF,PF,NF,NF,NF,NF,NF,NF,PF,PF,PF,PF,PF,PF,PF,PF,PF,PF,PF,PF,PF,PF,PF,PF,PF,PF
Ukraine,N/A,N/A,N/A,N/A,N/A,N/A,N/A,N/A,N/A,N/A,N/A,N/A,N/A,PF,PF,PF,PF,PF,PF,PF,PF,PF,PF,NF,NF,PF,PF,PF,PF,PF,PF,PF,PF
United Arab Emirates,PF,PF,PF,PF,PF,PF,PF,PF,PF,NF,NF,NF,NF,NF,NF,NF,NF,NF,NF,NF,NF,NF,NF,NF,NF,NF,NF,NF,NF,NF,NF,NF,NF
United Kingdom,F,F,F,F,F,F,F,F,F,F,F,F,F,F,F,F,F,F,F,F,F,F,F,F,F,F,F,F,F,F,F,F,F
United States,F,F,F,F,F,F,F,F,F,F,F,F,F,F,F,F,F,F,F,F,F,F,F,F,F,F,F,F,F,F,F,F,F
Uruguay,NF,PF,PF,PF,PF,PF,F,F,F,F,F,F,F,F,F,F,F,F,F,F,F,F,F,F,F,F,F,F,F,F,F,F,F
USSR,NF,NF,NF,NF,NF,NF,NF,NF,NF,NF,NF,PF,PF,N/A,N/A,N/A,N/A,N/A,N/A,N/A,N/A,N/A,N/A,N/A,N/A,N/A,N/A,N/A,N/A,N/A,N/A,N/A,N/A
Uzbekistan,N/A,N/A,N/A,N/A,N/A,N/A,N/A,N/A,N/A,N/A,N/A,N/A,N/A,NF,NF,NF,NF,NF,NF,NF,NF,NF,NF,NF,NF,NF,NF,NF,NF,NF,NF,NF,NF
Vanuatu,N/A,N/A,N/A,N/A,N/A,PF,PF,PF,PF,F,F,F,F,F,PF,PF,PF,PF,PF,PF,PF,PF,F,F,F,F,F,F,F,F,F,F,F
Venezuela,F,F,F,F,F,F,F,F,F,F,F,F,F,F,F,PF,PF,PF,PF,PF,PF,PF,PF,NF,NF,NF,NF,NF,NF,NF,NF,NF,NF
Vietnam,NF,NF,NF,NF,NF,NF,NF,NF,NF,NF,NF,NF,NF,NF,NF,NF,NF,NF,NF,NF,NF,NF,NF,NF,NF,NF,NF,NF,NF,NF,NF,NF,NF
West Bank and Gaza Strip,N/A,N/A,N/A,N/A,N/A,N/A,N/A,N/A,N/A,N/A,N/A,N/A,N/A,N/A,N/A,N/A,N/A,N/A,N/A,N/A,N/A,N/A,N/A,N/A,N/A,N/A,N/A,N/A,N/A,N/A,N/A,N/A,NF
Yemen,N/A,N/A,N/A,N/A,N/A,N/A,N/A,N/A,N/A,N/A,N/A,NF,NF,NF,PF,NF,NF,NF,NF,NF,NF,NF,NF,NF,NF,NF,NF,NF,NF,NF,NF,NF,NF
"Yemen, North",NF,NF,NF,NF,NF,NF,NF,NF,NF,NF,NF,N/A,N/A,N/A,N/A,N/A,N/A,N/A,N/A,N/A,N/A,N/A,N/A,N/A,N/A,N/A,N/A,N/A,N/A,N/A,N/A,N/A,N/A
"Yemen, South",NF,NF,NF,NF,NF,NF,NF,NF,NF,NF,NF,N/A,N/A,N/A,N/A,N/A,N/A,N/A,N/A,N/A,N/A,N/A,N/A,N/A,N/A,N/A,N/A,N/A,N/A,N/A,N/A,N/A,N/A
Yugoslavia,NF,NF,NF,NF,NF,NF,NF,NF,NF,NF,NF,PF,PF,NF,N/A,N/A,N/A,N/A,N/A,N/A,N/A,N/A,N/A,N/A,N/A,N/A,N/A,N/A,N/A,N/A,N/A,N/A,N/A
Zambia,PF,PF,PF,PF,PF,PF,PF,PF,PF,NF,NF,NF,PF,F,PF,NF,NF,NF,PF,NF,NF,NF,NF,NF,NF,NF,NF,NF,NF,NF,NF,NF,PF
Zimbabwe,PF,PF,PF,PF,PF,NF,NF,NF,NF,NF,NF,PF,PF,PF,PF,PF,PF,PF,NF,NF,NF,NF,NF,NF,NF,NF,NF,NF,NF,NF,NF,NF,NF
,,,,,,,,,,,,,,,,,,,,,,,,,,,,,,,,,
,,,,,,,,,,,,,,,,,,,,,,,,,,,,,,,,,
,,,,,,,,,,,,,,,,,,,,,,,,,,,,,,,,,
,,,,,,,,,,,,,,,,,,,,,,,,,,,,,,,,,
,,,,,,,,,,,,,,,,,,,,,,,,,,,,,,,,,
,,,,,,,,,,,,,,,,,,,,,,,,,,,,,,,,,
,,,,,,,,,,,,,,,,,,,,,,,,,,,,,,,,,
,,,,,,,,,,,,,,,,,,,,,,,,,,,,,,,,,
,,,,,,,,,,,,,,,,,,,,,,,,,,,,,,,,,
